{"data_time": 0.05442789998778608, "eta_seconds": 1543.4129730021232, "fast_rcnn/cls_accuracy": 0.17431640625, "fast_rcnn/false_negative": 0.5353233830845772, "fast_rcnn/fg_cls_accuracy": 0.4646766169154229, "iteration": 19, "keypoint_head/num_fg_samples": 0.0, "kpts_num_skipped_batches": 20.0, "loss_box_reg": 0.0033590415259823203, "loss_cls": 0.8662887513637543, "loss_curvature": 0.20739520341157913, "loss_keypoint": 0.0, "loss_length": 0.040845831856131554, "loss_mask": 0.6942096650600433, "loss_orientation": 1.8712021708488464, "loss_quality": 0.7729928493499756, "loss_rpn_cls": 0.6985519528388977, "loss_rpn_loc": 0.5111122876405716, "loss_tortuosity": 1.3930678963661194, "loss_width": 0.2588733434677124, "lr": 9.7405e-06, "mask_rcnn/accuracy": 0.43189399401064776, "mask_rcnn/false_negative": 0.3985320206990583, "mask_rcnn/false_positive": 0.612994402887046, "rank_data_time": 0.05442789998778608, "roi_head/num_bg_samples": 488.75, "roi_head/num_fg_samples": 23.25, "rpn/num_neg_anchors": 146.25, "rpn/num_pos_anchors": 109.75, "time": 2.6610568500036607, "total_loss": 7.377565838163719}
{"data_time": 0.054374850005842745, "eta_seconds": 917.0030239969492, "fast_rcnn/cls_accuracy": 0.40234375, "fast_rcnn/false_negative": 0.5875, "fast_rcnn/fg_cls_accuracy": 0.4125, "iteration": 39, "keypoint_head/num_fg_samples": 0.0, "kpts_num_skipped_batches": 40.0, "loss_box_reg": 0.003352331230416894, "loss_cls": 0.7465786635875702, "loss_curvature": 0.18914896994829178, "loss_keypoint": 0.0, "loss_length": 0.042589180171489716, "loss_mask": 0.69090336561203, "loss_orientation": 1.8415056467056274, "loss_quality": 0.7505851686000824, "loss_rpn_cls": 0.6956182718276978, "loss_rpn_loc": 0.5141602158546448, "loss_tortuosity": 1.3758599162101746, "loss_width": 0.23519600182771683, "lr": 1.97305e-05, "mask_rcnn/accuracy": 0.6209901147959184, "mask_rcnn/false_negative": 0.7155750002921757, "mask_rcnn/false_positive": 0.2737164413841051, "rank_data_time": 0.054374850005842745, "roi_head/num_bg_samples": 485.25, "roi_head/num_fg_samples": 26.75, "rpn/num_neg_anchors": 151.25, "rpn/num_pos_anchors": 104.75, "time": 0.7034477999986848, "total_loss": 7.095252722851001}
{"data_time": 0.054584500001510605, "eta_seconds": 379.8618119992898, "fast_rcnn/cls_accuracy": 0.8623046875, "fast_rcnn/false_negative": 0.7728110599078342, "fast_rcnn/fg_cls_accuracy": 0.2271889400921659, "iteration": 59, "keypoint_head/num_fg_samples": 0.0, "kpts_num_skipped_batches": 60.0, "loss_box_reg": 0.0039021549746394157, "loss_cls": 0.5286279022693634, "loss_curvature": 0.1581219583749771, "loss_keypoint": 0.0, "loss_length": 0.02740294300019741, "loss_mask": 0.6829520165920258, "loss_orientation": 1.698664128780365, "loss_quality": 0.7203344702720642, "loss_rpn_cls": 0.6861137747764587, "loss_rpn_loc": 0.46572719514369965, "loss_tortuosity": 1.265045166015625, "loss_width": 0.20518703758716583, "lr": 2.9720499999999998e-05, "mask_rcnn/accuracy": 0.7705699352911897, "mask_rcnn/false_negative": 1.0, "mask_rcnn/false_positive": 0.0, "rank_data_time": 0.054584500001510605, "roi_head/num_bg_samples": 483.75, "roi_head/num_fg_samples": 28.25, "rpn/num_neg_anchors": 146.25, "rpn/num_pos_anchors": 109.75, "time": 0.6980408999806968, "total_loss": 6.464713281020522}
{"data_time": 0.0563376999925822, "eta_seconds": 365.02198199392296, "fast_rcnn/cls_accuracy": 0.94482421875, "fast_rcnn/false_negative": 0.9000830909846282, "fast_rcnn/fg_cls_accuracy": 0.09991690901537184, "iteration": 79, "keypoint_head/num_fg_samples": 0.0, "kpts_num_skipped_batches": 80.0, "loss_box_reg": 0.004296461585909128, "loss_cls": 0.31456609070301056, "loss_curvature": 0.1048407219350338, "loss_keypoint": 0.0, "loss_length": 0.026330004446208477, "loss_mask": 0.6667181253433228, "loss_orientation": 1.306662380695343, "loss_quality": 0.6566627621650696, "loss_rpn_cls": 0.6728555858135223, "loss_rpn_loc": 0.4254780113697052, "loss_tortuosity": 1.1383902430534363, "loss_width": 0.14959101378917694, "lr": 3.97105e-05, "mask_rcnn/accuracy": 0.7590314795643027, "mask_rcnn/false_negative": 1.0, "mask_rcnn/false_positive": 0.0, "rank_data_time": 0.0563376999925822, "roi_head/num_bg_samples": 482.75, "roi_head/num_fg_samples": 29.25, "rpn/num_neg_anchors": 158.25, "rpn/num_pos_anchors": 97.75, "time": 0.6759272499912186, "total_loss": 5.480059121386148}
{"data_time": 0.05218355001125019, "eta_seconds": 351.22172499541193, "fast_rcnn/cls_accuracy": 0.953125, "fast_rcnn/false_negative": 0.9761904761904762, "fast_rcnn/fg_cls_accuracy": 0.023809523809523808, "iteration": 99, "keypoint_head/num_fg_samples": 0.0, "kpts_num_skipped_batches": 98.0, "loss_box_reg": 0.024859054014086723, "loss_cls": 0.18791361153125763, "loss_curvature": 0.07648281008005142, "loss_keypoint": 0.0, "loss_length": 0.022371847182512283, "loss_mask": 0.6491049528121948, "loss_orientation": 0.9638839662075043, "loss_quality": 0.5514209270477295, "loss_rpn_cls": 0.6558626890182495, "loss_rpn_loc": 0.4608291685581207, "loss_tortuosity": 0.9405741989612579, "loss_width": 0.08485265076160431, "lr": 4.97005e-05, "mask_rcnn/accuracy": 0.7725643828960156, "mask_rcnn/false_negative": 1.0, "mask_rcnn/false_positive": 0.0, "rank_data_time": 0.05218355001125019, "roi_head/num_bg_samples": 488.25, "roi_head/num_fg_samples": 23.75, "rpn/num_neg_anchors": 149.0, "rpn/num_pos_anchors": 107.0, "time": 0.7214540500135627, "total_loss": 4.814518009312451}
{"data_time": 0.05263684999954421, "eta_seconds": 338.3328719995916, "fast_rcnn/cls_accuracy": 0.93359375, "fast_rcnn/false_negative": 1.0, "fast_rcnn/fg_cls_accuracy": 0.0, "iteration": 119, "keypoint_head/num_fg_samples": 0.5, "kpts_num_skipped_batches": 106.0, "loss_box_reg": 0.07587441056966782, "loss_cls": 0.15859533846378326, "loss_curvature": 0.015957605093717575, "loss_keypoint": 8.012867450714111, "loss_length": 0.018391541205346584, "loss_mask": 0.612728625535965, "loss_orientation": 0.5712601244449615, "loss_quality": 0.3882257640361786, "loss_rpn_cls": 0.6264232099056244, "loss_rpn_loc": 0.46111682057380676, "loss_tortuosity": 0.7135421633720398, "loss_width": 0.030461035668849945, "lr": 5.96905e-05, "mask_rcnn/accuracy": 0.7887208766503523, "mask_rcnn/false_negative": 1.0, "mask_rcnn/false_positive": 0.0, "rank_data_time": 0.05263684999954421, "roi_head/num_bg_samples": 477.75, "roi_head/num_fg_samples": 34.25, "rpn/num_neg_anchors": 152.25, "rpn/num_pos_anchors": 103.75, "time": 2.62170909998531, "total_loss": 11.118269441416487}
{"data_time": 0.051685549988178536, "eta_seconds": 329.5989700057544, "fast_rcnn/cls_accuracy": 0.912109375, "fast_rcnn/false_negative": 0.9660087719298246, "fast_rcnn/fg_cls_accuracy": 0.03399122807017543, "iteration": 139, "keypoint_head/num_fg_samples": 0.5, "loss_box_reg": 0.16984957456588745, "loss_cls": 0.20629916340112686, "loss_curvature": 0.002869184478186071, "loss_keypoint": 7.880714654922485, "loss_length": 0.013051189482212067, "loss_mask": 0.5692732036113739, "loss_orientation": 0.056226423010230064, "loss_quality": 0.14905045926570892, "loss_rpn_cls": 0.5687519311904907, "loss_rpn_loc": 0.47211314737796783, "loss_tortuosity": 0.4757664203643799, "loss_width": 0.0033609388628974557, "lr": 6.968049999999999e-05, "mask_rcnn/accuracy": 0.7711811997526283, "mask_rcnn/false_negative": 1.0, "mask_rcnn/false_positive": 0.0, "rank_data_time": 0.051685549988178536, "roi_head/num_bg_samples": 464.25, "roi_head/num_fg_samples": 47.75, "rpn/num_neg_anchors": 157.5, "rpn/num_pos_anchors": 98.5, "time": 0.7415254999941681, "total_loss": 10.494736479216954}
{"iteration": 133, "kpts_num_skipped_batches": 109.0}
{"data_time": 0.050692250006250106, "eta_seconds": 336.75393399375025, "fast_rcnn/cls_accuracy": 0.88427734375, "fast_rcnn/false_negative": 0.5569800569800569, "fast_rcnn/fg_cls_accuracy": 0.443019943019943, "iteration": 159, "keypoint_head/num_fg_samples": 2.25, "loss_box_reg": 0.40855997800827026, "loss_cls": 0.2968722879886627, "loss_curvature": 0.0032232528319582343,