{"data_time": 0.025023800000781193, "eta_seconds": 103.41342000028817, "fast_rcnn/cls_accuracy": 0.220703125, "fast_rcnn/false_negative": 0.5857843137254902, "fast_rcnn/fg_cls_accuracy": 0.4142156862745098, "iteration": 19, "keypoint_head/num_fg_samples": 0.0, "kpts_num_skipped_batches": 20.0, "loss_box_reg": 0.004446171689778566, "loss_cls": 0.8375346064567566, "loss_curvature": 0.21883299201726913, "loss_keypoint": 0.0, "loss_length": 0.030958195216953754, "loss_mask": 0.6939225494861603, "loss_orientation": 1.9073824286460876, "loss_quality": 0.7596902549266815, "loss_rpn_cls": 0.6973941624164581, "loss_rpn_loc": 0.4906499981880188, "loss_tortuosity": 1.3813878297805786, "loss_width": 0.25502924621105194, "lr": 1.507890625e-05, "mask_rcnn/accuracy": 0.4415745464852608, "mask_rcnn/false_negative": 0.38517197677342074, "mask_rcnn/false_positive": 0.6033891113343098, "rank_data_time": 0.025023800000781193, "roi_head/num_bg_samples": 238.5, "roi_head/num_fg_samples": 17.5, "rpn/num_neg_anchors": 144.5, "rpn/num_pos_anchors": 111.5, "time": 0.34471140000096057, "total_loss": 7.332551386556588}
{"data_time": 0.024010350010939874, "eta_seconds": 98.20515600324143, "fast_rcnn/cls_accuracy": 0.455078125, "fast_rcnn/false_negative": 0.677335415040333, "fast_rcnn/fg_cls_accuracy": 0.3226645849596669, "iteration": 39, "keypoint_head/num_fg_samples": 0.0, "kpts_num_skipped_batches": 40.0, "loss_box_reg": 0.004518087953329086, "loss_cls": 0.7132745683193207, "loss_curvature": 0.1816556304693222, "loss_keypoint": 0.0, "loss_length": 0.029023963026702404, "loss_mask": 0.6906345188617706, "loss_orientation": 1.8538987636566162, "loss_quality": 0.7457407414913177, "loss_rpn_cls": 0.6914183795452118, "loss_rpn_loc": 0.49165619909763336, "loss_tortuosity": 1.2895550727844238, "loss_width": 0.2327788695693016, "lr": 3.0688281249999996e-05, "mask_rcnn/accuracy": 0.6419111394557824, "mask_rcnn/false_negative": 0.8770643412216347, "mask_rcnn/false_positive": 0.12010401504739654, "rank_data_time": 0.024010350010939874, "roi_head/num_bg_samples": 235.0, "roi_head/num_fg_samples": 21.0, "rpn/num_neg_anchors": 128.0, "rpn/num_pos_anchors": 128.0, "time": 0.36563650000607595, "total_loss": 6.9630851610563695}
{"data_time": 0.027620299981208518, "eta_seconds": 90.5134880010155, "fast_rcnn/cls_accuracy": 0.869140625, "fast_rcnn/false_negative": 0.8326984126984127, "fast_rcnn/fg_cls_accuracy": 0.16730158730158728, "iteration": 59, "keypoint_head/num_fg_samples": 0.0, "kpts_num_skipped_batches": 60.0, "loss_box_reg": 0.008061527274549007, "loss_cls": 0.4824209213256836, "loss_curvature": 0.13373670727014542, "loss_keypoint": 0.0, "loss_length": 0.023564334958791733, "loss_mask": 0.6777410805225372, "loss_orientation": 1.6181769371032715, "loss_quality": 0.6920862793922424, "loss_rpn_cls": 0.6844421029090881, "loss_rpn_loc": 0.5610722005367279, "loss_tortuosity": 1.1931403875350952, "loss_width": 0.17976458370685577, "lr": 4.629765625e-05, "mask_rcnn/accuracy": 0.7697534013605443, "mask_rcnn/false_negative": 1.0, "mask_rcnn/false_positive": 0.0, "rank_data_time": 0.027620299981208518, "roi_head/num_bg_samples": 227.5, "roi_head/num_fg_samples": 28.5, "rpn/num_neg_anchors": 128.0, "rpn/num_pos_anchors": 128.0, "time": 0.34043985001335386, "total_loss": 6.22723499708809}
{"data_time": 0.022230800008401275, "eta_seconds": 83.55091200093739, "fast_rcnn/cls_accuracy": 0.93359375, "fast_rcnn/false_negative": 1.0, "fast_rcnn/fg_cls_accuracy": 0.0, "iteration": 79, "keypoint_head/num_fg_samples": 0.0, "kpts_num_skipped_batches": 79.0, "loss_box_reg": 0.013604367151856422, "loss_cls": 0.2562505602836609, "loss_curvature": 0.10652919113636017, "loss_keypoint": 0.0, "loss_length": 0.022601635195314884, "loss_mask": 0.6597338020801544, "loss_orientation": 1.2885937690734863, "loss_quality": 0.6237324476242065, "loss_rpn_cls": 0.6631855368614197, "loss_rpn_loc": 0.4551682323217392, "loss_tortuosity": 1.0096988677978516, "loss_width": 0.12515141814947128, "lr": 6.190703125e-05, "mask_rcnn/accuracy": 0.7696508290816326, "mask_rcnn/false_negative": 1.0, "mask_rcnn/false_positive": 0.0, "rank_data_time": 0.022230800008401275, "roi_head/num_bg_samples": 240.0, "roi_head/num_fg_samples": 16.0, "rpn/num_neg_anchors": 164.0, "rpn/num_pos_anchors": 92.0, "time": 0.3475173999904655, "total_loss": 5.372969139367342}
{"data_time": 0.024797300007776357, "eta_seconds": 76.23247499956051, "fast_rcnn/cls_accuracy": 0.859375, "fast_rcnn/false_negative": 1.0, "fast_rcnn/fg_cls_accuracy": 0.0, "iteration": 99, "keypoint_head/num_fg_samples": 0.0, "kpts_num_skipped_batches": 95.0, "loss_box_reg": 0.0530110988765955, "loss_cls": 0.23393802344799042, "loss_curvature": 0.026336115784943104, "loss_keypoint": 0.0, "loss_length": 0.019343772903084755, "loss_mask": 0.6070473492145538, "loss_orientation": 0.5904035568237305, "loss_quality": 0.4440351575613022, "loss_rpn_cls": 0.6395882964134216, "loss_rpn_loc": 0.5037778615951538, "loss_tortuosity": 0.7657992243766785, "loss_width": 0.0467275008559227, "lr": 7.751640625000001e-05, "mask_rcnn/accuracy": 0.808952487244898, "mask_rcnn/false_negative": 1.0, "mask_rcnn/false_positive": 0.0, "rank_data_time": 0.024797300007776357, "roi_head/num_bg_samples": 220.0, "roi_head/num_fg_samples": 36.0, "rpn/num_neg_anchors": 128.0, "rpn/num_pos_anchors": 128.0, "time": 0.3336480000143638, "total_loss": 4.174264797475189}
{"data_time": 0.023065649991622195, "eta_seconds": 68.53715000033844, "fast_rcnn/cls_accuracy": 0.85546875, "fast_rcnn/false_negative": 0.872678149273894, "fast_rcnn/fg_cls_accuracy": 0.12732185072610602, "iteration": 119, "keypoint_head/num_fg_samples": 0.5, "loss_box_reg": 0.37703070044517517, "loss_cls": 0.2700130194425583, "loss_curvature": 0.0018762990948744118, "loss_keypoint": 3.933105230331421, "loss_length": 0.013245439156889915, "loss_mask": 0.58070307970047, "loss_orientation": 0.08678876236081123, "loss_quality": 0.18546884506940842, "loss_rpn_cls": 0.5692780315876007, "loss_rpn_loc": 0.5542085766792297, "loss_tortuosity": 0.5065543949604034, "loss_width": 0.0034582691732794046, "lr": 9.312578125e-05, "mask_rcnn/accuracy": 0.7777411481509897, "mask_rcnn/false_negative": 1.0, "mask_rcnn/false_positive": 0.0, "rank_data_time": 0.023065649991622195, "roi_head/num_bg_samples": 208.0, "roi_head/num_fg_samples": 48.0, "rpn/num_neg_anchors": 129.5, "rpn/num_pos_anchors": 126.5, "time": 0.341141199998674, "total_loss": 7.540445494232699}
{"iteration": 117, "kpts_num_skipped_batches": 105.0}
{"data_time": 0.025229250008123927, "eta_seconds": 62.75535300053889, "fast_rcnn/cls_accuracy": 0.796875, "fast_rcnn/false_negative": 0.386860007160759, "fast_rcnn/fg_cls_accuracy": 0.6131399928392409, "iteration": 139, "keypoint_head/num_fg_samples": 2.0, "loss_box_reg": 0.7475553154945374, "loss_cls": 0.3473784327507019, "loss_curvature": 0.0031809400534257293, "loss_keypoint": 7.693321466445923, "loss_length": 0.016920308582484722, "loss_mask": 0.488921657204628, "loss_orientation": 0.0014711320400238037, "loss_quality": 0.022720010951161385, "loss_rpn_cls": 0.43337632715702057, "loss_rpn_loc": 0.39324966073036194, "loss_tortuosity": 0.42451712489128113, "loss_width": 0.0004574176564346999, "lr": 0.00010873515625000001, "mask_rcnn/accuracy": 0.8218890781046462, "mask_rcnn/false_negative": 1.0, "mask_rcnn/false_positive": 0.0, "rank_data_time": 0.025229250008123927, "roi_head/num_bg_samples": 192.0, "roi_head/num_fg_samples": 64.0, "rpn/num_neg_anchors": 160.5, "rpn/num_pos_anchors": 95.5, "time": 0.37166740000247955, "total_loss": 10.350606746651465}
{"iteration": 136, "kpts_num_skipped_batches": 112.0}
{"bbox/AP": 0.5740859800265741, "bbox/AP50": 2.1887188718871893, "bbox/AP75": 0.0, "bbox/APl": 1.5257811495435256, "bbox/APm": 0.19801980198019803, "bbox/APs": 0.0, "data_time": 0.022935500004678033, "eta_seconds": 56.26011199783534, "fast_rcnn/cls_accuracy": 0.8203125, "fast_rcnn/false_negative": 0.648879716981132, "fast_rcnn/fg_cls_accuracy": 0.3511202830188679,