{"eta_seconds": 2956.033517009055, "fast_rcnn/cls_accuracy": 0.1875, "fast_rcnn/false_negative": 0.5259259259259259, "fast_rcnn/fg_cls_accuracy": 0.4740740740740741, "iteration": 9, "roi_head/num_bg_samples": 484.75, "roi_head/num_fg_samples": 27.25, "rpn/num_neg_anchors": 155.5, "rpn/num_pos_anchors": 100.5}
{"data_time": 0.055919600010383874, "iteration": 8, "loss_box_reg": 0.003824068233370781, "loss_cls": 0.8787656426429749, "loss_curvature": 0.2201027125120163, "loss_fiber_mask": 1.3896511793136597, "loss_keypoints": 0.5802200436592102, "loss_length": 0.030499637126922607, "loss_orientation": 1.8676563501358032, "loss_quality": 0.7690212726593018, "loss_rpn_cls": 0.7011255621910095, "loss_rpn_loc": 0.4218558371067047, "loss_tortuosity": 1.4227811098098755, "loss_width": 0.2594013810157776, "lr": 4.246e-06, "rank_data_time": 0.055919600010383874, "time": 5.010226300015347, "total_loss": 8.614092840347439}
