{
  "config": "configs\\fiber_rcnn_r50_fpn.yaml",
  "weights": "output\\run_rpn_tune_c_ckpt\\model_final.pth",
  "dataset_json": "data\\coco_fiber_v3\\val.json",
  "image_root": "data\\raw",
  "images_evaluated": 2,
  "topk_proposals": 100,
  "thresholds": [
    0.3,
    0.5,
    0.7
  ],
  "global": {
    "proposals": {
      "count": 112,
      "mean_best_iou": 0.15063124717614432,
      "median_best_iou": 0.07641471177339554,
      "recall@0.30": 0.17857142857142858,
      "recall@0.50": 0.0625,
      "recall@0.70": 0.008928571428571428
    },
    "detections": {
      "count": 112,
      "mean_best_iou": 0.0540222274928835,
      "median_best_iou": 0.0,
      "recall@0.30": 0.05357142857142857,
      "recall@0.50": 0.017857142857142856,
      "recall@0.70": 0.0
    }
  },
  "worst_images": [
    {
      "image_id": 2,
      "file_name": "data\\raw\\2_0008.jpg",
      "gt_count": 60,
      "proposal_count": 100,
      "detection_count": 3,
      "proposals": {
        "count": 60,
        "mean_best_iou": 0.16486448674792578,
        "median_best_iou": 0.09594736993312836,
        "recall@0.30": 0.2,
        "recall@0.50": 0.06666666666666667,
        "recall@0.70": 0.016666666666666666
      },
      "detections": {
        "count": 60,
        "mean_best_iou": 0.04192889612543998,
        "median_best_iou": 0.0,
        "recall@0.30": 0.06666666666666667,
        "recall@0.50": 0.016666666666666666,
        "recall@0.70": 0.0
      }
    },
    {
      "image_id": 1,
      "file_name": "data\\raw\\2_0006.jpg",
      "gt_count": 52,
      "proposal_count": 100,
      "detection_count": 3,
      "proposals": {
        "count": 52,
        "mean_best_iou": 0.13420827843947336,
        "median_best_iou": 0.07540860027074814,
        "recall@0.30": 0.15384615384615385,
        "recall@0.50": 0.057692307692307696,
        "recall@0.70": 0.0
      },
      "detections": {
        "count": 52,
        "mean_best_iou": 0.06797607137839524,
        "median_best_iou": 0.00779419019818306,
        "recall@0.30": 0.038461538461538464,
        "recall@0.50": 0.019230769230769232,
        "recall@0.70": 0.0
      }
    }
  ],
  "per_image": [
    {
      "image_id": 2,
      "file_name": "data\\raw\\2_0008.jpg",
      "gt_count": 60,
      "proposal_count": 100,
      "detection_count": 3,
      "proposals": {
        "count": 60,
        "mean_best_iou": 0.16486448674792578,
        "median_best_iou": 0.09594736993312836,
        "recall@0.30": 0.2,
        "recall@0.50": 0.06666666666666667,
        "recall@0.70": 0.016666666666666666
      },
      "detections": {
        "count": 60,
        "mean_best_iou": 0.04192889612543998,
        "median_best_iou": 0.0,
        "recall@0.30": 0.06666666666666667,
        "recall@0.50": 0.016666666666666666,
        "recall@0.70": 0.0
      }
    },
    {
      "image_id": 1,
      "file_name": "data\\raw\\2_0006.jpg",
      "gt_count": 52,
      "proposal_count": 100,
      "detection_count": 3,
      "proposals": {
        "count": 52,
        "mean_best_iou": 0.13420827843947336,
        "median_best_iou": 0.07540860027074814,
        "recall@0.30": 0.15384615384615385,
        "recall@0.50": 0.057692307692307696,
        "recall@0.70": 0.0
      },
      "detections": {
        "count": 52,
        "mean_best_iou": 0.06797607137839524,
        "median_best_iou": 0.00779419019818306,
        "recall@0.30": 0.038461538461538464,
        "recall@0.50": 0.019230769230769232,
        "recall@0.70": 0.0
      }
    }
  ]
}